{"stage": 8, "stage_start_step": 53850, "wall_time_offset": 100204.99857330322, "samples_this_stage": 0, "tokens_this_stage": 0, "first_token_correct": [], "full_word_correct": [], "recent_losses": [0.0050048828125, 0.020263671875, 0.002166748046875, 0.0101318359375, 0.03466796875, 0.02978515625, 0.037353515625, 0.019775390625, 0.020263671875, 0.0250244140625, 0.004150390625, 0.0025482177734375, 0.0213623046875, 0.0303955078125, 0.052978515625, 0.0027923583984375, 0.0185546875, 0.01263427734375, 0.00994873046875, 0.0206298828125, 0.0113525390625, 0.0167236328125, 0.023681640625, 0.0162353515625, 0.0341796875, 0.01513671875, 0.0133056640625, 0.010009765625, 0.0162353515625, 0.0244140625, 0.01220703125, 0.009521484375, 0.024658203125, 0.007171630859375, 0.0179443359375, 0.005218505859375, 0.01519775390625, 0.01519775390625, 0.0213623046875, 0.01214599609375, 0.0084228515625, 0.006011962890625, 0.0201416015625, 0.01165771484375, 0.01129150390625, 0.0157470703125, 0.037353515625, 0.016357421875, 0.0223388671875, 0.02880859375, 0.009033203125, 0.01080322265625, 0.06689453125, 0.010498046875, 0.0322265625, 0.0211181640625, 0.022216796875, 0.042724609375, 0.0234375, 0.01324462890625, 0.012939453125, 0.0283203125, 0.020263671875, 0.01531982421875, 0.0235595703125, 0.00653076171875, 0.017333984375, 0.052490234375, 0.021240234375, 0.01544189453125, 0.01123046875, 0.02490234375, 0.0152587890625, 0.0361328125, 0.040771484375, 0.01251220703125, 0.006591796875, 0.005126953125, 0.01531982421875, 0.023681640625, 0.025390625, 0.005340576171875, 0.01202392578125, 0.00927734375, 0.035400390625, 0.01025390625, 0.01025390625, 0.01226806640625, 0.0341796875, 0.01446533203125, 0.0078125, 0.0185546875, 0.0166015625, 0.0177001953125, 0.03173828125, 0.0054931640625, 0.02001953125, 0.044189453125, 0.01043701171875, 0.00872802734375]}